,another one,something numeric,gender_Agender,gender_Bigender,gender_Female,gender_Genderfluid,gender_Genderqueer,gender_Male,gender_Non-binary,gender_Polygender
0,1.0,2021-06-20,0,0,0,0,0,0,1,0
1,0.0,2021-06-27,0,0,0,0,0,0,1,0
2,1.0,2021-05-31,0,0,0,0,0,1,0,0
3,1.0,2020-11-14,0,1,0,0,0,0,0,0
4,1.0,2020-12-24,0,0,0,0,0,1,0,0
5,0.0,2021-04-28,1,0,0,0,0,0,0,0
6,0.0,2021-08-31,1,0,0,0,0,0,0,0
7,0.0,2021-09-07,0,0,0,0,0,1,0,0
8,0.0,2021-02-02,0,0,0,1,0,0,0,0
9,0.0,2020-11-30,0,0,0,0,0,0,0,1
10,1.0,2020-12-18,0,1,0,0,0,0,0,0
11,1.0,2021-05-02,1,0,0,0,0,0,0,0
12,1.0,2021-09-22,0,0,0,0,0,0,1,0
13,1.0,2021-04-10,0,0,0,0,0,0,1,0
14,1.0,2021-07-01,0,0,0,1,0,0,0,0
15,0.0,2021-03-11,0,0,0,0,1,0,0,0
16,0.0,2021-07-25,0,0,0,0,0,0,0,1
17,0.0,2021-03-10,0,0,0,1,0,0,0,0
18,1.0,2021-07-07,0,0,1,0,0,0,0,0
19,1.0,2021-02-26,0,0,0,0,0,1,0,0
20,1.0,2021-07-11,0,0,0,0,1,0,0,0
21,1.0,2021-03-12,0,0,0,0,0,0,1,0
22,1.0,2020-11-04,1,0,0,0,0,0,0,0
23,0.0,2021-03-07,0,0,0,0,0,0,1,0
24,1.0,2021-04-04,0,1,0,0,0,0,0,0
25,1.0,2021-07-12,0,1,0,0,0,0,0,0
26,0.0,2021-04-08,0,0,0,1,0,0,0,0
27,0.0,2021-02-18,0,0,1,0,0,0,0,0
28,0.0,2020-11-18,1,0,0,0,0,0,0,0
29,0.0,2021-01-08,1,0,0,0,0,0,0,0
30,1.0,2021-08-11,0,0,0,1,0,0,0,0
31,0.0,2021-08-30,0,0,0,0,0,1,0,0
32,1.0,2020-12-23,0,0,1,0,0,0,0,0
33,1.0,2021-08-26,0,0,0,0,0,0,1,0
34,0.0,2021-07-02,1,0,0,0,0,0,0,0
35,1.0,2021-08-01,1,0,0,0,0,0,0,0
36,0.0,2021-02-22,0,1,0,0,0,0,0,0
37,0.0,2020-12-28,0,1,0,0,0,0,0,0
38,0.0,2021-06-20,0,0,1,0,0,0,0,0
39,0.0,2020-12-29,1,0,0,0,0,0,0,0
40,0.0,2021-10-17,0,0,0,0,0,1,0,0
41,1.0,2020-11-11,0,0,0,0,0,0,1,0
42,1.0,2020-10-25,0,0,0,0,0,0,0,1
43,1.0,2021-10-10,0,0,0,0,1,0,0,0
44,0.0,2021-04-17,0,0,0,0,0,0,0,1
45,1.0,2021-08-04,1,0,0,0,0,0,0,0
46,1.0,2020-11-16,0,0,0,0,0,0,0,1
47,1.0,2021-01-10,0,0,0,0,1,0,0,0
48,0.0,2021-07-20,0,0,0,0,0,0,0,1
49,1.0,2020-12-25,1,0,0,0,0,0,0,0
50,1.0,2021-10-17,0,0,0,0,0,0,1,0
51,0.0,2021-08-31,0,0,0,0,0,0,0,1
52,1.0,2021-04-20,1,0,0,0,0,0,0,0
53,1.0,2021-09-04,0,0,0,0,1,0,0,0
54,1.0,2021-06-21,0,0,0,0,1,0,0,0
55,0.0,2020-10-29,1,0,0,0,0,0,0,0
56,0.0,2020-10-26,0,0,1,0,0,0,0,0
57,1.0,2021-05-30,0,0,0,0,1,0,0,0
58,0.0,2021-04-25,0,0,0,0,1,0,0,0
59,1.0,2021-08-14,0,0,0,0,0,0,0,1
60,0.0,2021-08-27,0,0,0,0,0,1,0,0
61,1.0,2021-04-04,0,0,0,1,0,0,0,0
62,0.0,2021-01-21,1,0,0,0,0,0,0,0
63,0.0,2020-12-05,0,0,0,0,0,0,1,0
64,1.0,2021-09-09,0,0,1,0,0,0,0,0
65,0.0,2021-09-29,0,0,0,0,0,0,1,0
66,1.0,2021-08-06,0,0,0,0,0,0,1,0
67,0.0,2021-04-10,1,0,0,0,0,0,0,0
68,0.0,2021-03-11,0,0,0,0,1,0,0,0
69,0.0,2021-05-12,1,0,0,0,0,0,0,0
70,1.0,2021-07-09,0,0,0,0,0,1,0,0
71,0.0,2020-12-14,0,0,1,0,0,0,0,0
72,0.0,2021-09-11,0,0,0,1,0,0,0,0
73,1.0,2020-12-29,0,0,0,0,0,0,1,0
74,1.0,2020-10-31,0,0,1,0,0,0,0,0
75,1.0,2021-04-15,0,1,0,0,0,0,0,0
76,0.0,2021-10-13,0,0,1,0,0,0,0,0
77,1.0,2021-09-08,0,0,0,1,0,0,0,0
78,0.0,2021-02-25,0,0,0,0,1,0,0,0
79,0.0,2021-09-11,0,1,0,0,0,0,0,0
80,0.0,2021-04-20,1,0,0,0,0,0,0,0
81,1.0,2021-04-27,0,0,0,0,0,1,0,0
82,1.0,2021-06-30,0,0,1,0,0,0,0,0
83,1.0,2020-10-23,0,1,0,0,0,0,0,0
84,1.0,2020-11-22,0,0,0,0,1,0,0,0
85,1.0,2021-02-28,1,0,0,0,0,0,0,0
86,1.0,2021-06-11,0,1,0,0,0,0,0,0
87,1.0,2021-07-05,0,0,0,0,0,0,0,1
88,0.0,2021-09-29,0,0,1,0,0,0,0,0
89,0.0,2021-08-13,0,0,1,0,0,0,0,0
90,1.0,2020-11-07,0,1,0,0,0,0,0,0
91,1.0,2021-02-21,0,0,0,0,1,0,0,0
92,1.0,2021-08-29,0,0,0,0,0,0,1,0
93,0.0,2021-10-15,0,0,1,0,0,0,0,0
94,1.0,2020-12-02,1,0,0,0,0,0,0,0
95,0.0,2021-01-14,0,1,0,0,0,0,0,0
96,1.0,2021-01-16,0,0,0,0,0,0,0,1
97,1.0,2021-01-15,0,0,0,0,0,0,0,1
98,1.0,2021-06-30,0,0,0,0,0,1,0,0
99,1.0,2021-09-16,0,1,0,0,0,0,0,0
